Disclosure,Title,,,,,,,,,,,,,,,,,,,,,,,,,,,,,,,,,,,,,,,,,,,,,,,,,,,,,,,,,,,,,,,,,,,,,,,,,,,,,,,,,,,,,,,,,,
Disclosure 2-1,Organizational details,The Boeing Company,The Boeing Company is a publicly traded corporation,"Our headquarters are located at 929 Long Bridge Drive, Arlington, VA 2220",U.S.,more than 150 countries,,,,,,,,,,,,,,,,,,,,,,,,,,,,,,,,,,,,,,,,,,,,,,,,,,,,,,,,,,,,,,,,,,,,,,,,,,,,,,,,,,,,,
Disclosure 2-2,Entities included in the organization’s sustainability reporting,"This report includes the operations of The Boeing Company and its subsidiaries. This is consistent with the financial reporting contained in Boeing’s 2022 Form 10-K. AR, Exhibit 21 to 10K ",,,,,,,,,,,,,,,,,,,,,,,,,,,,,,,,,,,,,,,,,,,,,,,,,,,,,,,,,,,,,,,,,,,,,,,,,,,,,,,,,,,,,,,,,
Disclosure 2-3,"Reporting period, frequency and contact point","Boeing’s sustainability report is published annually, with a reporting period from 1/1/2022- 12/31/2022 (unless otherwise noted).",The reporting period for Boeing’s financial reporting aligns with the period for its sustainability reporting,This report was published on 6/14/2024,Email: media@boeing.com,"Mailing Address: 929 Long Bridge Drive, Arlington, VA 22202",Boeing Communications,,,,,,,,,,,,,,,,,,,,,,,,,,,,,,,,,,,,,,,,,,,,,,,,,,,,,,,,,,,,,,,,,,,,,,,,,,,,,,,,,,,,
Disclosure 2-4,Restatements of information,Select environmental data have been externally verified by DNV GL. ,,,,,,,,,,,,,,,,,,,,,,,,,,,,,,,,,,,,,,,,,,,,,,,,,,,,,,,,,,,,,,,,,,,,,,,,,,,,,,,,,,,,,,,,,
Disclosure 2-5,External assurance,Select environmental data have been externally verified by DNV GL. ,,,,,,,,,,,,,,,,,,,,,,,,,,,,,,,,,,,,,,,,,,,,,,,,,,,,,,,,,,,,,,,,,,,,,,,,,,,,,,,,,,,,,,,,,
Disclosure 2-6,"Activities, value chain and other business relationships",intelligence systems,satellite systems,supply chain and logistics management,"engineering, maintenance and modifications",pilot and maintenance training systems and services,data analytics and digital services,aerospace manufacturing industry,strategic defense and intelligence systems,"systems for strike, surveillance and mobility",including strategic missile and defense systems,"develops, manufactures and services commercial airplanes",defense products and space systems for customers,"business engages in the research, development, production and modification of manned and unmanned military aircraft and weapons","command, control, communications, computers, intelligence, surveillance and reconnaissance","120,000 deliveries of wire harnesses, electrical panels and modification kits for multiple Boeing defense programs","5,240 Total Diverse Suppliers and Small Businesses","Boeing is committed to collaborating with and providing opportunities to diverse suppliers (including women-owned, veteran-owned and minority-owned businesses) and small businesses",560+ New Diverse Suppliers and Small Businesses Onboarded,"supply chain with more than 11,000 Tier-1 suppliers around the globe",,,,,,,,,,,,,,,,,,,,,,,,,,,,,,,,,,,,,,,,,,,,,,,,,,,,,,,,,,,,,,,,,,,,,,,
Disclosure 2-7,Employees,23.8% Women,75.7% Men,0.5% Undisclosed,24.7% Women,71.9% Men,3.4% Undisclosed,64.2% White,15.9% Asian,8.1% Hispanic/Latino/a/x,7.1% Black,2.6% 2 or More Races,0.8% Native American,0.7% Pacific Islander,35.3% Racial and Ethnic Minorities,Total Boeing employees,Non-U.S. employees,Total Boeing employees covered by collective bargaining agreements,U.S. employees who are veterans,Female Representation,Racial and Ethnic Minority Representation,U.S. LGBTQIA+6 Gender identity self-ID participation rate 14%,Sexual orientation selfID participation rate 12%,"Boeing has roughly 156,000 employees representing 47 nationalities in 65 countries","Boeing uses headcount reporting for its global equity, diversity and inclusion data. December data is used for any headcount or representation numbers, and full-year data is used for any promotions, hiring and exits numbers","For our Executive Council and Board of Directors, 2023 data is utilized","In 2022 we hired more than 23,000 new teammates, resulting in an increase in female representation across virtually all job levels",increased racial and ethnic representation,increase in female representation,increased rates of participation in our self-identification process,,,,,,,,,,,,,,,,,,,,,,,,,,,,,,,,,,,,,,,,,,,,,,,,,,,,,,,,,,,,,
Disclosure 2-8,Workers who are not employees,NA,,,,,,,,,,,,,,,,,,,,,,,,,,,,,,,,,,,,,,,,,,,,,,,,,,,,,,,,,,,,,,,,,,,,,,,,,,,,,,,,,,,,,,,,,
Disclosure 2-21,Annual total compensation ratio,2021 estimated ratio: 169 to 1,2022 estimated ratio: 154 to 1,Change in ratio from 2021 to 2022: Nearly a 9% decrease,,,,,,,,,,,,,,,,,,,,,,,,,,,,,,,,,,,,,,,,,,,,,,,,,,,,,,,,,,,,,,,,,,,,,,,,,,,,,,,,,,,,,,,
Disclosure 2-22,Statement on sustainable development strategy,"strong commitment to safety, quality, and integrity, sustainability is tightly woven into the fabric of our values, our culture and our aerospace industry. ",touching many sectors of the global economy and enabling personal human connections,collective efforts and partnerships to advance environmental stewardship,human development and inclusion,underpinned by transparency at every level as we strive to make aerospace more sustainable,"Collaboration with global industry partners, the energy sector, governments, nongovernmental organizations, higher education institutions and other stakeholders to advance sustainable solutions",reduce our environmental impact by investing in conservation and procuring more renewable electricity,promote environmental stewardship,advance racial equity,"Lead on safety, quality, integrity and sustainability","Foster a Just Culture grounded in humility, inclusion and transparency",Import best leadership practices,Earn stakeholder trust and preference,"Respect one another and advance a global, diverse team",,,,,,,,,,,,,,,,,,,,,,,,,,,,,,,,,,,,,,,,,,,,,,,,,,,,,,,,,,,,,,,,,,,,,,,,,,,,
Disclosure 2-23,Policy commitments,"establish foundational expectations of prospective and active suppliers, including adherence to human rights standards",the company has developed policies and practices designed to enforce our Code of Basic Working Conditions and Human Rights,Learn more about our Ethics and Compliance Program,Learn more about our Code of Conduct and Recommitment,Learn more about our anti-corruption program,"For more information, visit our Boeing Ethics website",Learn more about our approach to human rights,The Audit Committee and the full Board oversee our compliance and ethics programs through close collaboration with Boeing’s Chief Compliance Officer and periodic reviews of program metrics,"These touch points provide visibility to the Board of significant compliance and ethics risks, as well as specific cases that are identified through the company’s various reporting channels",guidelines for ethical business conduct publicly available to employees and other stakeholders,,,,,,,,,,,,,,,,,,,,,,,,,,,,,,,,,,,,,,,,,,,,,,,,,,,,,,,,,,,,,,,,,,,,,,,,,,,,,,,,
Disclosure 2-24,Embedding policy commitments,New employees sign the Code of Conduct and complete Recommitment training when they join the company — and we all reaffirm this commitment every year,"Boeing encourages employees, subsidiaries, suppliers and external stakeholders to promptly raise concerns about safety, quality or potential violations of the law or Boeing policies","The company deployed two localized teams — the Site Compliance and Ethics Officers (SCEOs) and the Ethics Ambassadors — both of which are embedded within the business and serve as amplifiers for the company’s compliance and ethics efforts, resulting in thousands of engagements with employees","These diverse groups of stakeholders have been identified by Boeing as being key to the business because of their potential to influence or be affected by Boeing’s mission to protect, connect and explore our world and beyond",,,,,,,,,,,,,,,,,,,,,,,,,,,,,,,,,,,,,,,,,,,,,,,,,,,,,,,,,,,,,,,,,,,,,,,,,,,,,,,,,,,,,,
Disclosure 2-25,Processes to remediate negative impacts,"Ongoing evaluations demonstrate that Boeing’s substantiation rate is slightly higher than other published benchmarks, indicating an effective investigation process and informed reporting by company employees",Investigated matters are considered unsubstantiated when investigation findings demonstrate that no misconduct occurred or where there is a lack of evidence to support a finding of misconduct,,,,,,,,,,,,,,,,,,,,,,,,,,,,,,,,,,,,,,,,,,,,,,,,,,,,,,,,,,,,,,,,,,,,,,,,,,,,,,,,,,,,,,,,
Disclosure 2-26,Mechanisms for seeking advice and raising concerns,"7,657 total contacts to Ethics",47% of investigated requests were substantiated,"2,405 inquiries","2,120 conflict of interest determinations","3,132 investigative requests","2,507 of investigative requests had enough information to investigate","deployed two localized teams — the Site Compliance and Ethics Officers (SCEOs) and the Ethics Ambassadors — both of which are embedded within the business and serve as amplifiers for the company’s compliance and ethics efforts, resulting in thousands of engagements with employees",Requests for Guidance are situations where employees are seeking guidance when facing ethical dilemmas or when they need assistance in understanding company policies or expected behaviors,"Boeing encourages employees, subsidiaries, suppliers and external stakeholders to promptly raise concerns about safety, quality or potential violations of the law or Boeing policies","a culture of compliance and integrity by amplifying our values, listening to teammate concerns and encouraging them to speak up","Boeing publishes an internal policy that explains its anticorruption and anti-bribery requirements and expectations for employees, while making its guidelines for ethical business conduct publicly available to employees and other stakeholders","The company also makes employees aware of their federally protected whistleblower rights, which are designed to protect employees against retaliation for reporting potential wrongdoing by a U.S. contractor or subcontractor",,,,,,,,,,,,,,,,,,,,,,,,,,,,,,,,,,,,,,,,,,,,,,,,,,,,,,,,,,,,,,,,,,,,,,,,,,,,,,
Disclosure 2-27,Compliance with laws and regulations,"Boeing paid one significant environmental penalty in 2022, where “significant” is determined by a fine greater than $10,000","The penalty incurred was $22,000","such as increased erosion of natural soils, decaying vegetation or waterfowl waste — and nonindustrial sources — such as road runoff and soils adjacent to telephone/utility poles. Excess copper and chronic toxicity were not attributed to an identifiable source and were episodic in nature where laboratory error was suspected.","Boeing paid $27,275 in fines regarding environmental noncompliance that occurred in the current reporting cycle","At the end of 2021, stormwater samples collected at the Santa Susana Field Lab exceeded the site-specific permit limits for copper, chronic toxicity, iron, manganese, dioxin (TCDD), and biochemical oxygen demand (BOD) at one or more outfalls. ","Boeing paid $3,000 in fines regarding environmental noncompliance that occurred in a previous reporting cycle","On July 26, 2022, a significant rainfall event in the St. Louis region caused flooding that impacted the St. Louis site Industrial Wastewater Treatment Plant (IWTP). Floodwaters overtopped the IWTP, resulting in a release of untreated wastewater and associated sludges, as well as approximately 100 gallons of diesel fuel from a ruptured above-ground storage tank","The site experienced high-intensity rain events in the fourth quarter of 2021 that resulted in higher than normal rates of erosion from the site; the excess levels are believed to be attributable to natural sources — such as increased erosion of natural soils, decaying vegetation or waterfowl waste — and nonindustrial sources – such as road runoff and soils adjacent to telephone/utility poles","At the end of 2021, stormwater samples collected at the Santa Susana Field Lab exceeded the site-specific permit limits for copper, chronic toxicity, iron, manganese, dioxin (TCDD), and biochemical oxygen demand (BOD) at one or more outfalls","Boeing evaluates and analyzes the incident, implements corrective actions and shares process improvements to build the learning into the organization",,,,,,,,,,,,,,,,,,,,,,,,,,,,,,,,,,,,,,,,,,,,,,,,,,,,,,,,,,,,,,,,,,,,,,,,,,,,,,,,
Disclosure 2-28,Membership associations,Aeronautics and Space Engineering Board,Aerospace Chromate (and Cadmium) Elimination Team,Aerospace Industries Association of America Inc,"Air Line Pilots Association, International",Air Transport Action Group,Aircraft Fleet Recycling Association,Alliance of Western Energy Consumers,American Indian Science and Engineering Society,American Institute of Aeronautics and Astronautics,APEX Accelerators,Association for Unmanned Vehicle Systems International,Association of Certified Fraud Examiners,Association of International Risk Intelligence Professionals,Association of Public-Safety Communications Officials — International,Association of Threat Management Professionals,Association of Washington Business,Aviation-Information Sharing and Analysis Center,Billon Dollar Roundtable,Brazil-U.S. Business Council,Business Roundtable,California Chamber of Congress,Canadian Aboriginal Minority Supplier Council,Cargo Compartment Halon Replacement Advisory Group,Centre for Information Policy Leadership,Contrail Impact Task Force,Corporate Eco Forum,Dallas Regional Chamber,Defense Industry Initiative,Disability:IN,Domestic Security Alliance Council,Domestic Security Partnership,Embry-Riddle Aeronautical University,Ethics and Compliance Initiative,FIRST Robotics,Flight Safety Foundation,General Aviation Manufacturers Association,Global Privacy Alliance,Greater Seattle Chamber of Commerce,Halon Alternatives Research Corporation,Halon Recycling Corporation,Hostage US,HUBZone Contractors National Council,Institute of Business Ethics,International Aerospace Environmental Group,International Air Transport Association,International Association of Privacy Professionals,International Aviation Womens Association,International Civil Aviation Organization,International Coordinating Council of Aerospace Industries Association,International Federation of Airline Pilots’ Associations,International Forum on Business Ethical Conduct,MIT Climate & Sustainability Consortium,MIT Zero Impact Aviation Alliance,National 8(a) Association,National Association of Manufacturers,National Center for American Indian Enterprise Development,National Defense Industrial Agency,National Defense-Information Sharing and Analysis Center,National Minority Supplier Development Council,National Society of Black Engineers,Newton Europe,"Out in Science, Technology, Engineering, and Mathematics",Overseas Security Advisory Council,Professional Background Screening Association,Renewable Energy Buyers Alliance,Responsible Business Alliance,Roundtable on Sustainable Biomaterials,SAE International,Society for Corporate Governance,Society of Asian Scientists and Engineers,Society of Corporate Compliance and Ethics,Society of Hispanic Professional Engineers,Society of Women Engineers,St. Louis Regional Chamber of Commerce,Sustainability 50/World 50,The Conference Board,U.S. Chamber of Commerce,United Service Organization,United States Council for International Business,Villanova Resilient Innovation Through Sustainable Engineering Forum,Washington Roundtable,WEConnect International,Wildlife Habitat Council,Women in Aviation International,Women’s Business Enterprise National Council,World Economic Forum,Yale Center for Natural Carbon Capture,,,
Disclosure 2-29,Approach to stakeholder engagement,"We compile and share a broad set of data, information and operating examples that are relevant to our stakeholders, including our employees, customers, industry partners, investors, regulatory authorities, communities and others",Annual and quarterly surveys,Employee forums and meetings,Internal websites,D&I committees,Boeing resource groups,Trade shows,Airshows,Customer meetings and summits,Investor conferences,Investor meetings and summits,NGO events and forums,Government regulator meetings,Boeing supplier conferences,Supplier communications,Industry groups and forums,Third-party surveys,Media,Global leaders from across business units and functions,authorities,team members,teammates across the company,"our customers, shareholders and other stakeholders",prospective and active suppliers,employees,company leaders,emerging leaders embedded within the business,Boeing considers stakeholders’ interests to identify and prioritize the most relevant issues and to assess the most significant challenges and risks facing the company,"This dialogue and collaboration informs our approach, goals and actions to drive sustainable, long-term value for our stakeholders","Boeing’s diverse team is committed to innovating for the future, leading with sustainability and cultivating a culture based on the company’s core values of safety, quality and integrity and sustainability",informed by internal and external stakeholders,being transparent in our dealings with authorities and sustaining robust internal controls for risk management,"promoting positive change while simultaneously creating value for our customers, shareholders and other stakeholders","amplifying our values, listening to teammate concerns and encouraging them to speak up","Through our annual disclosure and reporting cycle, we compile and share a broad set of data, information and operating examples that are relevant to our stakeholders",We look forward to continuing to evolve and refine our stakeholder engagement strategy throughout 2023 and beyond,"Using widely applicable disclosure frameworks, Boeing reports each year on our financial performance and company priorities; our employee demographics and progress toward achieving equity, diversity and inclusion goals; our sustainability performance; our community investments and advocacy; and our industry-leading aerospace market outlooks","Our collaborative relationships inform these priorities and our sustainability goals, driving long-term value for our stakeholders",stakeholder-oriented reports regularly to the GPP Committee and the full Board,Regular discussions about the company’s public policy priorities,Regularly reporting to the Governance and Public Policy Committee,"implement strategies and processes to mitigate those risks to our people, programs, infrastructure, network and supply chain","SCEOs partner with company leaders, leveraging site-specific data to proactively address risks and foster a speak-up culture","engaging through floor walks and team meetings, new employee outreach, and manager trainings",deployed two localized teams — the Site Compliance and Ethics Officers (SCEOs) and the Ethics Ambassadors,Ambassadors also work with their designated SCEO to promptly elevate local risks and issues to site leadership,"Throughout 2022, we maintained a comprehensive engagement strategy that focused on engaging with key stakeholders through proactive ongoing dialogue, surveys, industry forums and events, and monitoring external data",,,,,,,,,,,,,,,,,,,,,,,,,,,,,,,,,,,,,,,,,,,
Disclosure 2-30,Collective bargaining agreements,Approximately 32% of Boeing’s total workforce are covered by collective bargaining agreements,,,,,,,,,,,,,,,,,,,,,,,,,,,,,,,,,,,,,,,,,,,,,,,,,,,,,,,,,,,,,,,,,,,,,,,,,,,,,,,,,,,,,,,,,
Disclosure 3-1,Process to determine material topics,"priorities and enterprise initiatives are managed through these pillars, with key goals and metrics monitored by company leaders including our Global Sustainability Council ","compile and share a broad set of data, information and operating examples ","dialogue and collaboration informs our approach, goals and actions to drive sustainable, long-term value for our stakeholders. ",Boeing considers stakeholders’ interests to identify and prioritize the most relevant issues and to assess the most significant challenges and risks facing the company,"We maintained a comprehensive engagement strategy that focused on engaging with key stakeholders through proactive ongoing dialogue, surveys, industry forums and events, and monitoring external data","These diverse groups of stakeholders have been identified by Boeing as being key to the business because of their potential to influence or be affected by Boeing’s mission to protect, connect and explore our world and beyond",,,,,,,,,,,,,,,,,,,,,,,,,,,,,,,,,,,,,,,,,,,,,,,,,,,,,,,,,,,,,,,,,,,,,,,,,,,,,,,,,,,,
Disclosure 3-2,List of material topics,Global Aerospace Safety,Employee Safety and Well-Being,Climate Action,Environmentally Responsible Operations,"Global Equity, Diversity & Inclusion",Ethical and Compliant Business,Data Privacy and Information Security,"Professional Development, Education and Learning",Community Engagement,Responsible Supply Chain,Economic Performance,,,,,,,,,,,,,,,,,,,,,,,,,,,,,,,,,,,,,,,,,,,,,,,,,,,,,,,,,,,,,,,,,,,,,,,,,,,,,,,
Disclosure 3-3,Management of material topics- Responsible Supply Chain,transparency about business processes and supplied goods,"Voluntary sectoral framework for ESG engagement, including assessment and awareness, throughout the aerospace manufacturing industry",Supplier Code of Conduct,sustainability considerations in procurement processes and manage risk in its supply chain,advance its responsible supply chain practices and deliver innovative solutions,collaborating with its supplier network and promoting responsible business practices,products from a supplier or manufacturing plant are distributed directly to a customer with marginal to no handling or storage time,reducing less-than-full shipments and transit time,agile and resilient aerospace supply chain,"5,240 Total Diverse Suppliers and Small Businesses",560+ New Diverse Suppliers and Small Businesses Onboarded,"co-founded an industry effort through the International Aerospace Environmental Group (IAEG) to establish a voluntary sectoral framework for ESG engagement,","Boeing is committed to collaborating with and providing opportunities to diverse suppliers (including women-owned, veteran-owned and minority-owned businesses) and small businesses.","Eliminated packaging waste by converting from singleuse and disposable packaging to reusable containers, preventing waste, which resulted in 234 metric tons diverted from landfills",n access completed assessments to benchmark their suppliers’ sustainability performance,Boeing is driving a holistic approach to responsible supply chain practices that align with the Organisation for Economic Co-operation and Development’s Due Diligence Guidance for Responsible Business Conduct.,holistic approach to responsible supply chain practices that align with the Organisation for Economic Co-operation and Development’s Due Diligence Guidance for Responsible Business Conduct.,". Cross-dock benefits include reduced transportation costs, fewer lost or damaged parts, and predictable pickup and delivery schedules",Boeing’s continued collaboration with suppliers and investment in India’s aerospace and defense ecosystem,"5,240 Total Diverse Suppliers 1 and Small Businesses 2","Reduced GHG emissions — Regional truck pickups consolidated shipments at the sorting center to better use long-haul trucks while reducing less-than-full shipments and transit time, which reduces GHG emissions.",Repurposed and refurbished containers and carts saved 26 metric tons of containers and packaging materials.,advance sustainability efforts by deploying an industry voluntary approach to sustainability assessments established by the IAEG and implemented by EcoVadis.,"Diverse suppliers1 and small businesses 2 are vital to Boeing; their innovation, agility and ability to provide creative product and service solutions are essential to delivering greater value to customers.","Rossell Techsys, the Aerospace & Defense division of Rossell India Limited, was established in 2011, and is a key supplier in India’s “Aatmanirbhar Bharat” vision, promoting people native to the area and self-reliance in defense manufacturing.",Benchmarking through voluntary standard assessments,Setting expectations for supplier sustainability performance,"Prevented 18,500 cardboard boxes from being shipped to Puget Sound factories, saving time and eliminating material waste. Consolidation centers continue to enable the use of generic reusable containers, such as shipping reusable containers through Southern California",Setting expectations for supplier sustainability performance.,"provides suppliers with a set of responsible business conduct expectations consistent with our policies, principles and sustainability efforts","Reduced GHG emissions — Regional truck pickups consolidated shipments at the sorting center to better use long-haul trucks while reducing less-than-full shipments and transit time, which reduces GHG emissions.",Boeing deploys supplier assessments,collaborating with its supplier network,"Regional truck pickups consolidated shipments at the sorting center to better use long-haul trucks while reducing less-than-full shipments and transit time, which reduces GHG emissions","optimize the Boeing logistics network by analyzing shipment volume, truck utilization, supplier distance from cross-docks, identifying consolidation opportunities and route changes on shipments from overseas suppliers",$4.6B Total Amount Spent with Diverse Suppliers and Small Businesses,driving supply chain sustainability awareness,Boeing will continue to collaborate with suppliers around the globe to create an agile and resilient aerospace supply chain,Boeing will continue to collaborate with suppliers around the globe to create an agile and resilient aerospace supply chain,Boeing will continue to collaborate with suppliers around the globe to create an agile and resilient aerospace supply chain,,,,,,,,,,,,,,,,,,,,,,,,,,,,,,,,,,,,,,,,,,,,,,,,,,
Disclosure 3-3,Management of material topics- Communities,create value and help build better communities worldwide,"advancing racial equity and social justice, and protecting the environment",Invested approximately $2B in Boeing communities over the last 10 years,Contributed $80M in charitable grants in 52 countries in 2022,Invested $50M across 444 grants in support of STEM education and workforce development programs in 2022,Boeing and its employees invested $197M+ to help build better communities worldwide in 2022,"Employees donated $63M+ and 366,000 volunteer hours to charitable causes in 2022","Partnered with 13,000+ community partners globally in 2022",Donated $13.3Macross 116 grants in support of veterans programs in 2022,"skills development and job training, and recovery and rehabilitation programs","invested $150,000 with VCP to help with home construction and education programs","build better, more equitable communities through corporate investments, employee engagement programs and advocacy efforts",find solutions to local environmental issues,"alternative energy, waste management, natural resources and identifying local solutions",improve water quality in their community,,,,,,,,,,,,,,,,,,,,,,,,,,,,,,,,,,,,,,,,,,,,,,,,,,,,,,,,,,,,,,,,,,,,,,,,,,,
Disclosure 3-3,Management of material topics- Data Privacy and Information Security,"Overseeing the management, use and security of personal information","Focuses on protecting data, respecting privacy and enabling trust",Employ a principles-based approach to data privacy that aligns with key privacy laws and frameworks,Strengthen governance and enhance coordination of our security activities,Employ industry-leading security practices,"Protect our people, property, networks, systems, and information from physical and cyber threats","Security strategy prioritizes detection, analysis and response to known, anticipated, or unexpected threats",Effective management of security risks and resiliency against incidents,Adopted security principles that align with global security standards,Self-Phishing Program educates employees about phishing,Most typical way companies are hacked,Phishing is one of the most effective ways threat actors exploit people and companies,,,,,,,,,,,,,,,,,,,,,,,,,,,,,,,,,,,,,,,,,,,,,,,,,,,,,,,,,,,,,,,,,,,,,,,,,,,,,,
Disclosure 3-3,"Management of material topics- Global Equity, Diversity & Inclusion",Health and well-being for Black employees,Employee Representation,"Latinx health: Focused on the physical and mental health disparities, as well as disease risk factors, chronic diseases, preventive care and health care access resources in the Latinx community",LGBTQIA+ inclusion in health care,Fertility wellness,Boeing employees help build homes for veterans,"advancing racial equity and social justice, and protecting the environment",Invested $50M across 444 grants in support of STEM education and workforce development programs in 2022,"Boeing is working to build better, more equitable communities through corporate investments, employee engagement programs and advocacy efforts","Partnered with 13,000+ community partners globally in 2022",Donated $13.3M across 116 grants in support of veterans programs in 2022,fosters creativity and empowers young people to become critical thinkers and problem solvers who can address global challenges,"social impact assessments, including gender impact assessments, based on participatory processes",,,,,,,,,,,,,,,,,,,,,,,,,,,,,,,,,,,,,,,,,,,,,,,,,,,,,,,,,,,,,,,,,,,,,,,,,,,,,
Disclosure 3-3,Management of material topics- Ethical and Compliant Business,Code of Ethics,"Compliance with all applicable laws, rules, and regulations",Maintaining confidentiality,Avoiding any conflicts of interest,Reporting of illegal or unethical behavior,"Corporate culture that puts safety, quality, integrity, and sustainability at the forefront",Visibility to the Board of significant compliance and ethics risks,Periodic reviews of program metrics,Employees serve as stewards of Boeing’s legacy of aerospace excellence and innovation,Compliance and ethics programs,Chief Compliance Officer,Code of Conduct,Anti-corruption program,Whistleblower rights,Supplier Code of Conduct,Commitments and Actions on Human Rights,Responsible business practices and promoting positive change while simultaneously creating value,Strengthening its culture of compliance and safety at locations around the globe,Leveraging site-specific data to proactively address risks and foster a speak-up culture,Ethics Ambassador Program,,,,,,,,,,,,,,,,,,,,,,,,,,,,,,,,,,,,,,,,,,,,,,,,,,,,,,,,,,,,,,,,,,,,,,
Disclosure 3-3,Management of material topics- Employee Safety and Well-Being,operating to keep ourselves and our teammates safe in the workplace is everyone’s responsibility,"Safety is central to everything we do for ourselves, those we care about, and our communities",The Safety Guiding Principles provide a framework to achieve the goal of zero workplace injuries,"every person who works at, or visits, a Boeing site leaves as safe and healthy as when they arrived","Boeing’s workplace safety program, Go for Zero – One Day at a Time, takes a holistic approach to worker safety","striving for a goal of zero injuries, which is underpinned by the belief that every injury is preventable",Our occupational health and safety management system is modeled after the International Organization for Standardization (ISO) 45001,The goal of zero injuries IS possible,26% decrease in serious injuries,39% decrease in recordable injuries,31% increase in lost workday cases,71% decrease in ergonomic injuries,Lifesaving Rules,Safety is a core value at Boeing,Pedestrian/Vehicle - Follow safe driving and walking rules,Employee safety and overall well-being,"Physical, financial and mental health components",Value human life and well-being above all else,Commitment to employee well-being,Achieve and maintain good physical and mental health,Employees’ well-being,Ongoing education about well-being topics,Company’s health benefits,Well-being-related webinars,How to balance demands on time,Sleep and emotional well-being,Family nutrition and the farmers market,The gut-brain connection,How to find a therapist,Staying emotionally happy and healthy,Fertility wellness,Managing trauma and intense emotions,Pain: Contributing factors and getting support,Women’s health through life stages,Health and well-being for Black employees,LGBTQIA+ inclusion in health care,Educational resources to empower employees,Physical and emotional well-being,Benefits and resources available to them,Informed its employees in Ukraine that they did not have to work and should make their safety a first priority,Supporting the local team with everything needed to stay safe and online,A unified effort by Boeing and the initiative of individual employees kept the Ukraine team safe,Employees from Poland welcomed colleagues and other people who crossed the border to seek shelter,The company provided housing opportunities for them in Poland,Gave the team members who stayed in Ukraine financial means and the necessary IT equipment to work safely from home,Supporting Ukraine is a priority for Boeing and its employees,Provide them with everything necessary to continue their fantastic engagement with a laser focus on safety and care,Boeing Employee Assistance Program (EAP),Provide support to employees and eligible family members navigating difficult life events,"Providing emotional support to leaders, managers and employees during the war in Ukraine",Help with locating emergency resources and information,Extended EAP services to European-based subsidiaries and contract workers,Assistance to employees in China impacted by strict COVID-19-related travel restrictions and lockdowns,Virtual group support for employee work groups in both Mandarin and English,"Counselors available to support employees following the Robb Elementary School shooting in Uvalde, Texas, and the Highland Park shooting near Chicago","EAP prepared resources to support multiple natural disasters occurring in the U.S., including employees affected by Hurricane Ian","Stress relief and promote emotional well-being through 597 Mindfulness Meditation sessions with more than 3,100 participants",Suicide prevention webinars coordinated with the Boeing Veteran Engagement Team (BVET) employee resource group,Online anxiety and depression screenings for all employees,Support to employees and eligible family members at no cost,"Professional EAP counselors can provide help with navigating life events, stress management, work-life challenges, grief and loss, substance abuse, and more",Latinx health,,,,,,,,,,,,,,,,,,,,,,,,,,,,
Disclosure 3-3,Management of material topics-  Environmentally Responsible Operations,"continuous improvements in pursuit of the sustainable product life cycle across key elements including greenhouse gas emissions (Scope 1 and Scope 2), energy usage, water and waste management","renewable energy procurement, targeted infrastructure and equipment investments, efficiency standards and conse","ongoing engagement of our employees each year through education and initiatives focused on ways in which they can reduce their environmental impact at work, and at home",net-zero GHG emissions at manufacturing and work sites,"expanding conservation and renewable energy use while securing carefully selected, third-party-verified offsets for the remaining greenhouse gas (GHG) emissions",invests in sustainable operations to reduce the impact of our manufacturing sites and is focused on conserving resources,"prioritize reducing emissions, energy, water, and waste throughout our global operations",have set 2025 waypoints toward 2030 goals to share our progress and remain accountable as we increase production,"sustainable operations strategy is managed within the Global Enterprise Sustainability organization, in close partnership with stakeholders across the enterprise",reduce emissions by 25% by 2025 compared to 2017 levels,reduce energy consumption by 10% compared to 2017 levels,reduce water withdrawal by 20% compared to 2017 levels,reduce solid waste to landfill by 20% compared to 2017 levels,reduce hazardous waste by 5% compared to 2017 levels,support the goals of the Paris Agreement and encourage our value chain partners to do the same,achieved net-zero carbon emissions at manufacturing and other work sites and in business travel in 2022 for the third consecutive year,"expanding conservation and renewable energy use while securing carefully selected, third-party-verified offsets for the remaining greenhouse gas (GHG) emissions","strives to reduce operational GHG emissions, both during times of growth and during times of challenge","aligns to a 1.5 degrees Celsius global warming potential scenario, in support of the global climate goals","actively monitor emissions, fuel use, and energy efficiency","set 2030 targets for performance in each of these areas that aim to reduce absolute emissions, maintain net-zero emissions for Scope 1 and Scope 2, and increase our adoption of renewable energy sources","increasing renewable electricity use while securing carefully selected, third-party-verified offsets for the remaining GHG emissions","achieved net-zero GHG emissions at manufacturing and work sites by implementing high-impact conservation investments, emphasizing and incentivizing conservation practices by employees","infrastructure investments, remote work, and reduced production activity contributed to reduction in emissions from the operational footprint","facilities prioritize conservation, energy efficiency, and renewable energy",conservation and energy reduction measures help achieve both energy and GHG reductions,Germany: Boeing’s new distribution center in Hamburg meets high sustainability standards and will be seeking Gold certification from the German Sustainable Building Council,equipped with a heat pump and a photovoltaic system will be installed on the roof in the later half of 2023,"Mesa, Arizona, recently completed construction of a new composites manufacturing facility. A quarter of the electricity used at the site is solar power",brings the company closer to achieving its 2030 goal of 100% renewable electricity,"Switching to LED lighting in Boeing’s Everett, Washington; Frederickson, Washington; and El Segundo, California, facilities is driving an annual recurring savings of 25.3 million kilowatt-hours, which is equivalent to powering more than 2,300 U.S. homes per year","Boeing’s new engineering and technology campus in Bengaluru will leverage multiple design elements, including efficient ventilation systems, LED lighting, rainwater recovery, and solar power generation",Boeing will continue to invest in conservation and renewable energy projects to advance the company’s operational environmental goals,Boeing has implemented multiple approaches to encourage the workforce to support conservation by fostering sustainable behaviors,Employees are a source of innovation; champions of projects and their combined actions contribute to achieving Boeing’s goals,"Elements of sustainability are embedded within the Boeing Production system content and linked to Lean methodologies that eliminate waste and promote more efficient, sustainable practices within operation",Boeing provides behavior change training and encourages recognition programs to help employees develop sustainable habits and reward them for their efforts,The programs that Boeing utilizes to get employees involved and contribute to the enterprise sustainability goals are designed to reach all aspects of the workforce,"approaches used include elements of gamification, which involves turning sustainable behaviors into fun and engaging programs","The Conservation Best Practices program, which is deployed across the enterprise to prioritize reducing energy, water, and waste at our largest areas of operation",The Energy Star Battle of the Buildings competition to encourage employees to work together toward our sustainability goals and promote a culture of environmental stewardship,"Aerospace Sustainability Foundations Training, an internal credential training that allows employees to learn more about sustainable aerospace practices and how they can incorporate them into their work","By emphasizing employee engagement throughout the sustainability programs, Boeing is benefiting local communities and utilizing the capabilities of its diverse workforce to achieve its operational sustainability goals",company hosts an annual competition starting on Earth Day in April to encourage Boeing employees to take daily actions that advance sustainable operations,"Employees across the globe took more than 231,000 60-second actions for the environment from Earth Day on April 22 to May 31, 2022",the equivalent of reducing carbon emissions by not driving 7.8 million miles (12.6 million kilometers),"Top 60-second actions included using refillable water bottles, recycling, and turning off equipment not in use","When employees engage in taking 60 seconds for the environment, we know it cuts costs, helps protect the environment, and gives employees a sense of belonging, drive, and purpose","making strides to protect the land, water, and air in our communities by reducing waste from work sites and our supply chain",dedicated teams working to prevent waste from going to landfills and to assess opportunities to return or reuse packaging for parts,"reducing hazardous waste primarily from a variety of research, manufacturing, and facilities maintenance processes",recycling and recovery activities to reduce the need for new chemicals,Solid Waste – 40% reduction compared to 2017” as part of progress toward 2025 goals,Hazardous Waste – 9% reduction compared to 2017” as part of progress toward 2025 goals,"The digitally engineered aircraft features a highly efficient engine and lightweight composite skin, allowing it to stay in the air much longer, using little fuel itself to complete its mission",futuristic aircraft is setting new standards for efficiency with a renewed focus on reducing waste through Lean manufacturing,teams are building momentum with Lean principles” to improve efficiency and reduce waste,"Lean helps spot and eliminate waste, wherever it is found, which also reduces costs","Jon Kelley, Facilities Asset Management Reclamation team member, brings heart, commitment, and skill to reduce waste to landfill, conserve valuable resources, and ensure the company is compliant with regulations that protect the environment and the public","Kelley has helped Boeing’s Puget Sound sites maximize the conservation of materials and properly handle regulated materials, while providing guidance to business partners","Employee innovation recognized: 15 environmental leader winners in six categories focused on reducing waste, energy, and water use","Seattle employees reclaimed about 2,500 gallons of water per day at the Seattle Developmental Center by reconfiguring piping and installing a more efficient system","Winnipeg employees conserved electricity equivalent to 60 homes’ annual use by installing occupancy sensors and upgrading LED lights, saving almost 720,000 kWh yearly","A Mesa team worked with the local utility company to lessen demand on high peak utility days during summer months by programming the Building Automation System to improve processes and generate 5,400 kWh, which earned rebates of $30,000 annually","An Everett team reduced the amount of solvents required to flush paint pumps by removing filter housing. The result cut solvent use by 12 gallons per airplane and more than 10,000 pounds per year, saving almost $19,000","In Chennai, India, employees reduced GHG emissions by consolidating shipments and transitioning from air to sea shipments for India suppliers","Boeing specialists work to identify efficiencies, best practices, and new technologies to reduce water use and identify alternatives","In 2022, we achieved a 19% reduction compared to consumption in 2017",Water consumption was 7% lower than anticipated with sites implementing conservation initiatives to increase water intake efficiencies and with production activity remaining low,"Each habitat is actively managed and maintained by site employees, nonprofit organizations, or contract biologists","Additional agreements and monitoring are in place to ensure all legal, contractual, and certification requirements are met",WHC’s certification program is the only voluntary sustainability standard designed for broad-based biodiversity enhancement and conservation education activities on corporate landholdings,Maintain regulatory compliance,"When noncompliance is identified in our environmental management systems, Boeing evaluates and analyzes the incident, implements corrective actions, and shares process improvements to build the learning into the organization",Innovate and continue integrating sustainability into Boeing’s engineering teams and functions,"Make our products, services, and operations better for people and the environment",Expert on life cycle assessment tools and their application to Boeing’s design processes,,,,,,,,,,,,,
Disclosure 3-3,Management of material topics- Global Aerospace Safety,"Responsibility to ensure those who operate, fly on, and service our products are safe",Our Board of Directors oversees global aerospace safety through a dedicated subcommittee,Aerospace Safety Committee,Chief aerospace safety officer provides regular updates,Implementing the enterprise Safety Management System (SMS),Managing safety risks throughout the product and service life cycle,"SMS incorporates data from employee reporting, production, compliance, quality, and safety processes","Provides line of sight to risks, incidents, and identified hazards",Enable proactive mitigation of issues,Continuously improve safety performance,"Make data-driven, risk-based decisions that result in safer products",Continuous improvement informed by existing data and ongoing development of better safety analytics,Speak Up program fuels our enterprise SMS,Manage safety risks throughout the product and service life cycle,Submissions to our Speak Up reporting channel doubled from 2021 to 2022,"Trained more than 130,000 teammates on SMS, safety culture, and why it matters",Introduced the Boeing Virtual Procedures Trainer and Maintenance Synthetic Trainer,Provided experiential training and complemented current training for pilots and mechanics,Inducted Boeing Safety Intelligence platform into our SMS,Delivered competency-based training and assessment (CBTA) courses to commercial customers,"737, 737 MAX, and 787 CBTA courses approved by multiple regulatory agencies",Increasing collaboration with customers to get ahead of safety risks,Deployment of our Safety Experience tool for increasing transparency and learning throughout the organization,Efforts have laid both the cultural and structural foundation for our safety journey,Every step is purposeful to make our products safer,ODA representatives serve a critical role in the design certification and conformance of aircraft,The strength of the Boeing safety system is rooted in a transparent and open culture,Gives all team members multiple ways to speak up when they have concerns,The establishment of an ombudsperson demonstrates the company’s commitment to strengthening its safety culture,Boeing is working to ensure the ODA program operates with the independence needed to fulfill all our FAA requirements,Creating engineering tools and methods for design and analysis of aircraft with alternative energy and propulsion systems,,,,,,,,,,,,,,,,,,,,,,,,,,,,,,,,,,,,,,,,,,,,,,,,,,,,,,,,,,,
Disclosure 3-3,Management of material topics- Economic Performance,"$2.8T Defense, Space & Security",$3.5T Commercial Airplanes,$3.3T Global Services,2022 Boeing Market Outlook $9.6T,"77,614 Enterprise",$26B Commercial Airplanes,"$23B Defense, Space & Security",$0.2B Boeing Capital,$18B Global Services,$67B 2022 Revenue,Top U.S. exporter,Invested approximately $2B in Boeing communities over the last 10 years,Contributed $80M in charitable grants in 52 countries in 2022,Invested $50M across 444 grants in support of STEM education and workforce development,Employees invested $197M+ to help build better communities worldwide in 2022,"Employees donated $63M+ and 366,000 volunteer hours to charitable causes in 2022","Partnered with 13,000+ community partners globally in 2022",Donated $13.3M across 116 grants in support of veterans programs in 2022,Contributions to veterans organizations,Contributions to organizations supporting racial equity and social justice,"SAF will unlock its share of an extra $10 billion each year in GDP, generating 26,000 jobs, while reducing emissions by around 9%",,,,,,,,,,,,,,,,,,,,,,,,,,,,,,,,,,,,,,,,,,,,,,,,,,,,,,,,,,,,,,,,,,,,,
Disclosure 3-3,"Management of material topics-  Professional Development, Education and Learning",Our professional development programs provide education and training opportunities for current and future employees,"we launched Learn@Boeing, a new digital learning resource that makes it easier for teammates to find learning content aligned to business goals","Learn@Boeing was leveraged by 77,000 teammates to develop knowledge and skills for their current role or to prepare for a future role",5M trainings completed,2M hours of production training delivered,"77,000 learners leveraged a new learning resource to build knowledge and skills","5,000 coaching sessions to develop managers and executives globally","4,300 leaders developed through programs and courses","450,000 certifications and skill trainings completed","10,000 employees received tuition assistance for degree and nondegree programs",,,,,,,,,,,,,,,,,,,,,,,,,,,,,,,,,,,,,,,,,,,,,,,,,,,,,,,,,,,,,,,,,,,,,,,,,,,,,,,,
Disclosure 3-3,"Management of material topics, Climate Action","Launched supplier engagement via CDP Climate Change submissions to report emissions, assess reduction targets/progress, and identify collaboration opportunities.",Achieved 35% renewable electricity in 2022 by purchasing renewable electricity and renewable energy credits.,Carbon-neutral aerospace.,"Fleet efficiency improvements, SAF and future platform technologies.",31% Reduction Procurement of renewable energy.,"We actively monitor emissions, fuel use, and energy efficiency.",Enterprise GHG emissions from operations are calculated after the conclusion of the reporting year.,The emissions from natural gas and electricity usage at Core Metric Sites are calculated and monitored on a monthly basis through the use of utility bills and are continuously validated and updated throughout the reporting year.,Achieve 55% absolute reduction in Scope 1 and Scope 2 GHG from 2017 base year.,Maintain net-zero future for Boeing operations through conservation and renewable energy.,Maintain net-zero emissions for Scope 1 and Scope 2.,Reduce emissions by 25%.,Achieve 100% renewable electricity.,Net-zero emissions.,55% GHG reduction from 2017.,Green stormwater infrastructure.,"Net-zero achievement covers Scope 1 and Scope 2 emissions for all manufacturing and work sites within the company’s operational control as well as Scope 3, business travel.",2025 reduction goals were set with an operational boundary of the Core Metric Sites.,2030 reduction goals set with an operational boundary of The Boeing Company.,Operational goals shown are absolute targets and not indexed to production levels or growth.,"Set 2030 targets for performance in each of these areas that aim to reduce absolute emissions, maintain net-zero emissions for Scope 1 and Scope 2, and increase our adoption of renewable energy sources.",Achieved 16% absolute GHG reduction at year-end 2022 from 2017 base year toward 2030 goal (Scope 1 and 2).,Achieved net-zero at manufacturing and work sites.,GHG emissions were 8% lower than anticipated for the year.,Boeing had an 11% reduction in energy consumed compared to 2017.,Energy consumption was 6% lower than anticipated.,Emphasizing and incentivizing conservation practices by employees.,Maintain net-zero future for Boeing operations through conservation and renewable energy.,Implemented supplier code of conduct aligned to ESG elements including climate change and environment priorities.,Low commercial production activity and infrastructure investments.,"Aligns to a 1.5 degrees Celsius global warming potential scenario, in support of the global climate goals.",Work with our suppliers to increase GHG reporting.,Proactively address risks driven by climate change-driven risks.,"We also monitor the length and severity of business interruptions. The scope of monitoring includes damaging weather, natural disasters, pandemics, and public health crises. It helps us understand how to increase resiliency in light of a changing climate.",High-impact conservation investments.,Contracting of renewable energy allows us to build on emissions reductions.,Procurement of renewable energy and renewable energy credits.,Third-party-verified offsets for the remaining greenhouse gas (GHG) emissions.,Increasing renewable electricity use while procuring verified offsets for the remaining GHG.,,,,,,,,,,,,,,,,,,,,,,,,,,,,,,,,,,,,,,,,,,,,,,,,,,,
Disclosure 201-1,Direct economic value generated and distributed,NA,,,,,,,,,,,,,,,,,,,,,,,,,,,,,,,,,,,,,,,,,,,,,,,,,,,,,,,,,,,,,,,,,,,,,,,,,,,,,,,,,,,,,,,,,
Disclosure 201-2,Financial implications and other risks and opportunities due to climate change,NA,,,,,,,,,,,,,,,,,,,,,,,,,,,,,,,,,,,,,,,,,,,,,,,,,,,,,,,,,,,,,,,,,,,,,,,,,,,,,,,,,,,,,,,,,
Disclosure 201-3,Defined benefit plan obligations and other retirement plans,NA,,,,,,,,,,,,,,,,,,,,,,,,,,,,,,,,,,,,,,,,,,,,,,,,,,,,,,,,,,,,,,,,,,,,,,,,,,,,,,,,,,,,,,,,,
Disclosure 201-4,Financial assistance received from government,NA,,,,,,,,,,,,,,,,,,,,,,,,,,,,,,,,,,,,,,,,,,,,,,,,,,,,,,,,,,,,,,,,,,,,,,,,,,,,,,,,,,,,,,,,,
Disclosure 202-1,Ratios of standard entry level wage by gender compared to local minimum wage,NA,,,,,,,,,,,,,,,,,,,,,,,,,,,,,,,,,,,,,,,,,,,,,,,,,,,,,,,,,,,,,,,,,,,,,,,,,,,,,,,,,,,,,,,,,
Disclosure 202-2,Proportion of senior management hired from the local community,NA,,,,,,,,,,,,,,,,,,,,,,,,,,,,,,,,,,,,,,,,,,,,,,,,,,,,,,,,,,,,,,,,,,,,,,,,,,,,,,,,,,,,,,,,,
Disclosure 203-1,Infrastructure investments and services supported,NA,,,,,,,,,,,,,,,,,,,,,,,,,,,,,,,,,,,,,,,,,,,,,,,,,,,,,,,,,,,,,,,,,,,,,,,,,,,,,,,,,,,,,,,,,
Disclosure 203-2,Significant indirect economic impacts,NA,,,,,,,,,,,,,,,,,,,,,,,,,,,,,,,,,,,,,,,,,,,,,,,,,,,,,,,,,,,,,,,,,,,,,,,,,,,,,,,,,,,,,,,,,
Disclosure 204-1,Proportion of spending on local suppliers,NA,,,,,,,,,,,,,,,,,,,,,,,,,,,,,,,,,,,,,,,,,,,,,,,,,,,,,,,,,,,,,,,,,,,,,,,,,,,,,,,,,,,,,,,,,
Disclosure 205-1,Operations assessed for risks related to corruption,NA,,,,,,,,,,,,,,,,,,,,,,,,,,,,,,,,,,,,,,,,,,,,,,,,,,,,,,,,,,,,,,,,,,,,,,,,,,,,,,,,,,,,,,,,,
Disclosure 205-2,Communication and training about anti-corruption policies and procedures,NA,,,,,,,,,,,,,,,,,,,,,,,,,,,,,,,,,,,,,,,,,,,,,,,,,,,,,,,,,,,,,,,,,,,,,,,,,,,,,,,,,,,,,,,,,
Disclosure 205-3,Confirmed incidents of corruption and actions taken,NA,,,,,,,,,,,,,,,,,,,,,,,,,,,,,,,,,,,,,,,,,,,,,,,,,,,,,,,,,,,,,,,,,,,,,,,,,,,,,,,,,,,,,,,,,
Disclosure 206-1,"Legal actions for anti-competitive behavior, anti-trust, and monopoly practices",NA,,,,,,,,,,,,,,,,,,,,,,,,,,,,,,,,,,,,,,,,,,,,,,,,,,,,,,,,,,,,,,,,,,,,,,,,,,,,,,,,,,,,,,,,,
Disclosure 207-1,Approach to tax,NA,,,,,,,,,,,,,,,,,,,,,,,,,,,,,,,,,,,,,,,,,,,,,,,,,,,,,,,,,,,,,,,,,,,,,,,,,,,,,,,,,,,,,,,,,
Disclosure 207-2,"Tax governance, control, and risk management",NA,,,,,,,,,,,,,,,,,,,,,,,,,,,,,,,,,,,,,,,,,,,,,,,,,,,,,,,,,,,,,,,,,,,,,,,,,,,,,,,,,,,,,,,,,
Disclosure 207-3,Stakeholder engagement and management of concerns related to tax,NA,,,,,,,,,,,,,,,,,,,,,,,,,,,,,,,,,,,,,,,,,,,,,,,,,,,,,,,,,,,,,,,,,,,,,,,,,,,,,,,,,,,,,,,,,
Disclosure 207-4,Country-by-country reporting,NA,,,,,,,,,,,,,,,,,,,,,,,,,,,,,,,,,,,,,,,,,,,,,,,,,,,,,,,,,,,,,,,,,,,,,,,,,,,,,,,,,,,,,,,,,
Disclosure 301-1,Materials used by weight or volume,"Prevented 18,500 cardboard boxes from being shipped to Puget Sound factories, saving time and eliminating material waste.",,,,,,,,,,,,,,,,,,,,,,,,,,,,,,,,,,,,,,,,,,,,,,,,,,,,,,,,,,,,,,,,,,,,,,,,,,,,,,,,,,,,,,,,,
Disclosure 301-2,Recycled input materials used,regenerative feedstocks that can replace constituents that are nonrenewable resources.,bio-based regenerative feedstocks from forestry waste and pine root oil that we are researching at Villanova University may one day be integrated into the epoxy resins used in our interior parts,using more parts that can be repurposed,114M pounds (51.7M kilograms) recycled aerospace titanium (2013-2022),,,,,,,,,,,,,,,,,,,,,,,,,,,,,,,,,,,,,,,,,,,,,,,,,,,,,,,,,,,,,,,,,,,,,,,,,,,,,,,,,,,,,,
Disclosure 301-3,Reclaimed products and their packaging materials,Repurposed and refurbished containers and carts saved 26 metric tons of containers and packaging materials,Packaging engineers have developed standards for reusing containers with suppliers,"Up to 90 percent of the parts and materials in Boeing aircraft can be reused and recycled across aerospace and other industries. We manage and recertify used parts for aircraft, and engine platforms for our customers",229 tons of packaging waste diverted from landfill (2022),"Eliminated packaging waste by converting from singleuse and disposable packaging to reusable containers, preventing waste, which resulted in 234 metric tons diverted from landfills.",787 packaging improvements will result in 161 metric tons of crating wood diverted from landfills annually once fully implemented,,,,,,,,,,,,,,,,,,,,,,,,,,,,,,,,,,,,,,,,,,,,,,,,,,,,,,,,,,,,,,,,,,,,,,,,,,,,,,,,,,,,
Disclosure 302-1,Energy consumption within the organization,Natural gas,Jet kerosene,Fuel oil #2,Motor gasoline,Propane,Liquefied petroleum gas,Total nonrenewable fuels,Sustainable aviation fuel,Total renewable fuels,Purchased nonrenewable electricity,Purchased renewable electricity,Total purchased electricity,Total energy use,Environmental Data,Megawatt hours,Terajoules,,,,,,,,,,,,,,,,,,,,,,,,,,,,,,,,,,,,,,,,,,,,,,,,,,,,,,,,,,,,,,,,,,,,,,,,,,
Disclosure 302-2,Energy consumption outside of the organization,NA,,,,,,,,,,,,,,,,,,,,,,,,,,,,,,,,,,,,,,,,,,,,,,,,,,,,,,,,,,,,,,,,,,,,,,,,,,,,,,,,,,,,,,,,,
Disclosure 302-3,Energy intensity,Total energy use,Environmental Data,Megawatt hours,Terajoules,Total nonrenewable fuels,Total renewable fuels,Total purchased electricity,Sustainable aviation fuel (SAF),,,,,,,,,,,,,,,,,,,,,,,,,,,,,,,,,,,,,,,,,,,,,,,,,,,,,,,,,,,,,,,,,,,,,,,,,,,,,,,,,,
Disclosure 302-4,Reduction of energy consumption,"Reduce energy consumption (natural gas, other fuels, and electricity) by 10%","11% Reduction Conservation initiatives, infrastructure investments, remote working conditions, and reduced production activity",10% energy reduction from 2025,Switching to LED lighting,Efficient ventilation systems,Solar power generation,Annual recurring savings of 25.3 million kilowatt-hours,"Winnipeg employees conserved electricity equivalent to 60 homes’ annual use by installing occupancy sensors and upgrading LED lights, saving almost 720,000 kWh yearly","Lessen demand on high peak utility days during summer months by programming the Building Automation System to improve processes and generate 5,400 kWh, which earned rebates of $30,000 annually",Building is equipped with a heat pump and a photovoltaic system will be installed on the roof in the later half of 2023,Gold certification from the German Sustainable Building Council,A quarter of the electricity used at the site is solar power,Reduction in energy consumed,,,,,,,,,,,,,,,,,,,,,,,,,,,,,,,,,,,,,,,,,,,,,,,,,,,,,,,,,,,,,,,,,,,,,,,,,,,,,
Disclosure 302-5,Reductions in energy requirements of products and services,"Latest digital design, test and production tools, airframe, propulsion, and systems technology",Different power and energy solutions,Alternative propulsion sources and renewable energy,"Electrification and alternative fuels, such as hydrogen",Fuel efficiency gains,"Combined with expected advancements in propulsion systems, materials, and systems architecture, a single-aisle airplane with a Transonic Truss-Braced Wing (TTBW) configuration could see reduced fuel consumption and emissions of up to 30% relative to today’s most efficient single-aisle airplanes",Wind tunnel testing and digital modeling,Six hydrogen technology demonstrations with crewed and uncrewed aircraft using hydrogen fuel cells and combustion engines,Liquid hydrogen,Promising technologies out of the lab and rigorously testing them in an operational environment,"Enhance safety, decarbonize aviation, and improve operational efficiency and the passenger experience",More aerodynamically efficient winglets on the 737 MAX,"Real-time weather and other information to pilots, enabling them to improve fuel efficiency and reduce emissions",Sustainable Flight Demonstrator (SFD) program,"Autonomous, passenger-carrying electric vertical takeoff and landing (eVTOL) aircraft",Energy carriers,EcoDemonstrator,Accelerating innovation,Aerodynamically efficient winglets,"Coatings that improve planes’ aerodynamics, fuel efficiency, and longevity",Lighter composite materials permit us to design more fuel-efficient aircraft like the primarily composite 787 Dreamliner,,,,,,,,,,,,,,,,,,,,,,,,,,,,,,,,,,,,,,,,,,,,,,,,,,,,,,,,,,,,,,,,,,,,,
Disclosure 303-1,Interactions with water as a shared resource,Watershed restoration project on the Lower Salt River,Clean up polluted stormwater coming off this Seattle bridge,"Middle and high school students learning about watersheds and the impact of stormwater runoff, investigating their local watersheds, and designing and implementing green stormwater infrastructure projects","Working to add sustainable treatment for approximately 625,000 gallons of water",Reduce water withdrawal by 20%,19% reduction,Increased water intake efficiencies and low production activity,5% reduction from 2025,"Seattle employees reclaiming about 2,500 gallons of water per day by reconfiguring piping and installing a more efficient system","An Everett team reduced the amount of solvents required to flush paint pumps, cutting solvent use by 12 gallons per airplane and more than 10,000 pounds per year, saving almost $19,000",Rigorous water use reduction targets at manufacturing sites to preserve natural resources for the environment and communities,Monitoring irregularities that may require action and creating a Conservation Best Practice program to minimize water use,Achieved a 19% reduction compared to 2017 consumption in 2022,Water consumption was 7% lower than anticipated with sites implementing conservation initiatives to increase water intake efficiencies and with production activity remaining low,"Building off reductions seen by 2025, Boeing will transition to an absolute reduction goal to focus on the most water-intensive processes",Stormwater samples collected at the Santa Susana Field Lab,Road runoff and soils adjacent to telephone/utility poles,Flooding impacting the St. Louis site Industrial Wastewater Treatment Plant (IWTP),Floodwaters and increased erosion of natural soils,Decaying vegetation and waterfowl waste,Excess copper and chronic toxicity,Untreated wastewater and associated sludges,Local public utilities,"Surface, ground, and reclaimed water",Company generation,"On-site well, on-site reclamation, and rain capture",Public water supply systems,Discharged to public sanitary sewer systems,Pre-treats wastewater,,,,,,,,,,,,,,,,,,,,,,,,,,,,,,,,,,,,,,,,,,,,,,,,,,,,,,,,,,,,,
Disclosure 303-2,Management of water discharge-related impacts,"Boeing pre-treats wastewater before discharging it to public sanitary sewer systems, in compliance with regulatory requirements",Consumption measurement,Water system revenue grade meters,Boeing does not set voluntary effluent discharge standards beyond those set by regulation,Applying many water management techniques endorsed by the U.S. Environmental Protection Agency,Absolute reduction goal to focus on the most water-intensive processes across the company,,,,,,,,,,,,,,,,,,,,,,,,,,,,,,,,,,,,,,,,,,,,,,,,,,,,,,,,,,,,,,,,,,,,,,,,,,,,,,,,,,,,
Disclosure 303-3,Water withdrawal,Surface water withdrawal,Combination of surface water and groundwater withdrawal,Groundwater withdrawal,Reclaimed water (not withdrawn),Total water withdrawal,On-site water reclamation,"Boeing's water is sourced from local public utilities (surface, ground, and reclaimed water) and company generation (on-site well, on-site reclamation, and rain capture)",Seawater,Kilogallons,Megaliters,Total water withdrawal from water-stressed areas,Reduce water withdrawal by 20%,Water-stressed areas,,,,,,,,,,,,,,,,,,,,,,,,,,,,,,,,,,,,,,,,,,,,,,,,,,,,,,,,,,,,,,,,,,,,,,,,,,,,,
Disclosure 303-4,Water discharge,"site specific permit limits for copper, chronic toxicity, iron, manganese, dioxin (TCDD), and biochemical oxygen demand (BOD) at one or more outfalls",,,,,,,,,,,,,,,,,,,,,,,,,,,,,,,,,,,,,,,,,,,,,,,,,,,,,,,,,,,,,,,,,,,,,,,,,,,,,,,,,,,,,,,,,
Disclosure 303-5,Water consumption,monitor irregularities that may require action and created a Conservation Best Practice program to minimize water use,Water consumption was 7% lower than anticipated,On-site well water use,On-site water reclamation,World Resources Institute Aqueduct Model.,"Most water is from public water supply systems, and most consumption measurement is from water system revenue-grade meters",Technologies to reduce water use and identify alternatives,Conservation initiatives to increase water intake efficiencies,,,,,,,,,,,,,,,,,,,,,,,,,,,,,,,,,,,,,,,,,,,,,,,,,,,,,,,,,,,,,,,,,,,,,,,,,,,,,,,,,,
Disclosure 304-1,"Operational sites owned, leased, managed in, or adjacent to, protected areas and areas of high biodiversity value outside protected areas",NA,,,,,,,,,,,,,,,,,,,,,,,,,,,,,,,,,,,,,,,,,,,,,,,,,,,,,,,,,,,,,,,,,,,,,,,,,,,,,,,,,,,,,,,,,
Disclosure 304-2,"Significant impacts of activities, products and services on biodiversity",NA,,,,,,,,,,,,,,,,,,,,,,,,,,,,,,,,,,,,,,,,,,,,,,,,,,,,,,,,,,,,,,,,,,,,,,,,,,,,,,,,,,,,,,,,,
Disclosure 304-3,Habitats protected or restored,"some locations, additional agreements and monitoring are in place to ensure all legal, contractual and certification requirements are met",,,,,,,,,,,,,,,,,,,,,,,,,,,,,,,,,,,,,,,,,,,,,,,,,,,,,,,,,,,,,,,,,,,,,,,,,,,,,,,,,,,,,,,,,
Disclosure 304-4,IUCN Red List species and national conservation list species with habitats in areas affected by operations,NA,Implementation of long-lasting infrastructure improvements.,,,,,,,,,,,,,,,,,,,,,,,,,,,,,,,,,,,,,,,,,,,,,,,,,,,,,,,,,,,,,,,,,,,,,,,,,,,,,,,,,,,,,,,,
Disclosure 305-1,Direct (Scope 1) GHG emissions,Scope 1 GHG,Tons CO2 e,Metric tons CO2 e,GHG emissions,"CO2 , CH4 , N2O, HFCs, PFCs, SF6 , NF3",The emissions factors for these energy sources are validated at least annually and updated when appropriate following guidance from the World Resources Institute GHG Protocol.,"net-zero achievement covers Scope 1 and Scope 2 emissions for all manufacturing and work sites within the company’s operational control as well as Scope 3, business travel",2025 reduction goals were set with an operational boundary of the Core Metric Sites,2030 reduction goals set with an operational boundary of The Boeing Company,Third-party-verified offsets,The emissions factors for these energy sources are validated,Following guidance from the World Resources Institute GHG Protocol,,,,,,,,,,,,,,,,,,,,,,,,,,,,,,,,,,,,,,,,,,,,,,,,,,,,,,,,,,,,,,,,,,,,,,,,,,,,,,
Disclosure 305-2,Energy indirect (Scope 2) GHG emissions,Scope 2 GHG — location-based,Scope 2 GHG — market-based,GHG emissions,"CO2 , CH4 , N2O, HFCs, PFCs, SF6 , NF3",The energy data and emissions factors are verified as part of a third-party limited assurance process.,"net-zero achievement covers Scope 1 and Scope 2 emissions for all manufacturing and work sites within the company’s operational control as well as Scope 3, business travel",2025 reduction goals were set with an operational boundary of the Core Metric Sites,2030 reduction goals set with an operational boundary of The Boeing Company,World Resources Institute GHG Protocol,,,,,,,,,,,,,,,,,,,,,,,,,,,,,,,,,,,,,,,,,,,,,,,,,,,,,,,,,,,,,,,,,,,,,,,,,,,,,,,,,
Disclosure 305-3,Other indirect (Scope 3) GHG emissions,Scope 3 GHG — business travel,use of sold products (Commercial Airplanes),"use of sold products (Defense, Space & Security)",GHG emissions,"CO2 , CH4 , N2O, HFCs, PFCs, SF6 , NF3",The energy data and emissions factors are verified as part of a third-party limited assurance process.,World Resources Institute GHG Protocol,,,,,,,,,,,,,,,,,,,,,,,,,,,,,,,,,,,,,,,,,,,,,,,,,,,,,,,,,,,,,,,,,,,,,,,,,,,,,,,,,,,
Disclosure 305-4,GHG emissions intensity,GHG Intensity,Energy efficiency,,,,,,,,,,,,,,,,,,,,,,,,,,,,,,,,,,,,,,,,,,,,,,,,,,,,,,,,,,,,,,,,,,,,,,,,,,,,,,,,,,,,,,,,
Disclosure 305-5,Reduction of GHG emissions,"Enable the transition to carbon-neutral aerospace through investments and partnerships for fleet efficiency improvements, SAF and future platform technologies","zero-emission, electric, autonomous aircraft via Wisk joint venture",quantifies the power of aviation’s major strategies to reduce emissions,31% Reduction Procurement of renewable energy and renewable energy credits,55% GHG reduction from 2017,100% renewable electricity,Maintain net-zero future for Boeing operations through conservation and renewable energy,Achieved 16% absolute GHG reduction at year-end 2022 from 2017 base year toward 2030 goal (Scope 1 and 2),,,,,,,,,,,,,,,,,,,,,,,,,,,,,,,,,,,,,,,,,,,,,,,,,,,,,,,,,,,,,,,,,,,,,,,,,,,,,,,,,,
Disclosure 305-6,Emissions of ozone-depleting substances (ODS),NA,,,,,,,,,,,,,,,,,,,,,,,,,,,,,,,,,,,,,,,,,,,,,,,,,,,,,,,,,,,,,,,,,,,,,,,,,,,,,,,,,,,,,,,,,
Disclosure 305-7,"Nitrogen oxides (NOx), sulfur oxides (SOx), and other significant air emissions",NA,,,,,,,,,,,,,,,,,,,,,,,,,,,,,,,,,,,,,,,,,,,,,,,,,,,,,,,,,,,,,,,,,,,,,,,,,,,,,,,,,,,,,,,,,
Disclosure 306-3,Significant spills,Number of aggregate spills (all operations),Quantity spilled (all operations),Quantity of spilled material recovered (all operations),Flooding that impacted the St. Louis site Industrial Wastewater Treatment Plant (IWTP),"Floodwaters overtopped the IWTP, resulting in a release of untreated wastewater and associated sludges, as well as approximately 100 gallons of diesel fuel from a ruptured above-ground storage tank","The release was reported to the Missouri Department of Natural Resources, the National Response Center, and the St. Louis Metropolitan Sewer District, and appropriate response actions were completed after the flooding subsided","At the end of 2021, stormwater samples collected at the Santa Susana Field Lab exceeded the site-specific permit limits for copper, chronic toxicity, iron, manganese, dioxin (TCDD), and biochemical oxygen demand (BOD) at one or more outfalls","The excess levels are believed to be attributable to natural sources such as increased erosion of natural soils, decaying vegetation, or waterfowl waste, and non-industrial sources such as road runoff and soils adjacent to telephone/utility poles",,,,,,,,,,,,,,,,,,,,,,,,,,,,,,,,,,,,,,,,,,,,,,,,,,,,,,,,,,,,,,,,,,,,,,,,,,,,,,,,,,
Disclosure 306-1,Waste generation and significant waste-related impacts,NA,,,,,,,,,,,,,,,,,,,,,,,,,,,,,,,,,,,,,,,,,,,,,,,,,,,,,,,,,,,,,,,,,,,,,,,,,,,,,,,,,,,,,,,,,
Disclosure 306-2,Management of significant waste-related impacts,Repurposed and refurbished containers and carts saved 26 metric tons of containers and packaging materials,Packaging engineers have developed standards for reusing containers with suppliers,"Up to 90 percent of the parts and materials in Boeing aircraft can be reused and recycled across aerospace and other industries. We manage and recertify used parts for aircraft, and engine platforms for our customers",229 tons of packaging waste diverted from landfill (2022),"Eliminated packaging waste by converting from singleuse and disposable packaging to reusable containers, preventing waste, which resulted in 234 metric tons diverted from landfills.",787 packaging improvements will result in 161 metric tons of crating wood diverted from landfills annually once fully implemented,"Prevented 18,500 cardboard boxes from being shipped to Puget Sound factories, saving time and eliminating material waste.",,,,,,,,,,,,,,,,,,,,,,,,,,,,,,,,,,,,,,,,,,,,,,,,,,,,,,,,,,,,,,,,,,,,,,,,,,,,,,,,,,,
Disclosure 306-3,Waste generated,"aims to reduce carbon emissions and waste from parts, components and systems procured from suppliers",Total hazardous waste generated,,,,,,,,,,,,,,,,,,,,,,,,,,,,,,,,,,,,,,,,,,,,,,,,,,,,,,,,,,,,,,,,,,,,,,,,,,,,,,,,,,,,,,,,
Disclosure 306-4,Waste diverted from disposal,NA,,,,,,,,,,,,,,,,,,,,,,,,,,,,,,,,,,,,,,,,,,,,,,,,,,,,,,,,,,,,,,,,,,,,,,,,,,,,,,,,,,,,,,,,,
Disclosure 306-5,Waste directed to disposal,Hazardous waste incinerated for energy recovery,Hazardous waste incinerated without energy recovery,Hazardous waste sent to landfill,Hazardous waste otherwise disposed,Nonhazardous waste incinerated for energy recovery,Nonhazardous waste incinerated without energy recovery,Nonhazardous waste sent to landfill,Nonhazardous waste otherwise disposed,Total nonhazardous waste generated,Metric tons,,,,,,,,,,,,,,,,,,,,,,,,,,,,,,,,,,,,,,,,,,,,,,,,,,,,,,,,,,,,,,,,,,,,,,,,,,,,,,,,
Disclosure 308-1,New suppliers that were screened using environmental criteria,Boeing does not screen suppliers using environmental criteria.,,,,,,,,,,,,,,,,,,,,,,,,,,,,,,,,,,,,,,,,,,,,,,,,,,,,,,,,,,,,,,,,,,,,,,,,,,,,,,,,,,,,,,,,,
Disclosure 308-2,Negative environmental impacts in the supply chain and actions taken,NA,,,,,,,,,,,,,,,,,,,,,,,,,,,,,,,,,,,,,,,,,,,,,,,,,,,,,,,,,,,,,,,,,,,,,,,,,,,,,,,,,,,,,,,,,
Disclosure 401-1,New employee hires and employee turnover,NA,,,,,,,,,,,,,,,,,,,,,,,,,,,,,,,,,,,,,,,,,,,,,,,,,,,,,,,,,,,,,,,,,,,,,,,,,,,,,,,,,,,,,,,,,
Disclosure 401-2,Benefits provided to full-time employees that are not provided to temporary or part-time employees,NA,,,,,,,,,,,,,,,,,,,,,,,,,,,,,,,,,,,,,,,,,,,,,,,,,,,,,,,,,,,,,,,,,,,,,,,,,,,,,,,,,,,,,,,,,
Disclosure 401-3,Parental leave,"98,821 employees were eligible for paid parental leave: 25,657 women, 72.644 men and",520 people of unknown gender,"4,305 employees took paid parental leave: 834 women, 3,451 men and 20 people of unknown gender","3,991 employees who took paid parental leave in 2022 were still employed as of May 15, 2023: 776 women, 3,196 men and 19 people of unknown gender",,,,,,,,,,,,,,,,,,,,,,,,,,,,,,,,,,,,,,,,,,,,,,,,,,,,,,,,,,,,,,,,,,,,,,,,,,,,,,,,,,,,,,
Disclosure 402-1,Minimum notice periods regarding operational changes,We provide advance notice in accordance with all applicable legal and/or contractual requirements in the different locations where we operate,,,,,,,,,,,,,,,,,,,,,,,,,,,,,,,,,,,,,,,,,,,,,,,,,,,,,,,,,,,,,,,,,,,,,,,,,,,,,,,,,,,,,,,,,
Disclosure 403-1,Occupational health and safety management system,"Goal of zero workplace injuries so every person who works at, or visits, a Boeing site leaves as safe and healthy as when they arrived","worker safety, striving for a goal of zero injuries","Our occupational health and safety management system is modeled after the International Organization for Standardization (ISO) 45001. As of 2022, four sites are certified to ISO 45001 with multiple sites conforming to ISO 45001 in support of our business objectives",26% decrease in serious injuries,39% decrease in recordable injuries,31% increase in lost workday cases,71% decrease in ergonomic injuries,Follow safe driving and walking rules,Control sources of hazardous chemical exposure,Plan lifting operations and control the load path,Operate machines safely,Keep myself and others safe during aircraft towing operations,Verify control of hazardous energy or a zero-energy state before work begins,Protect against falls and dropped objects while working at heights,"1,096 Health and Safety Training Courses Available",recognized as High Hazard Processes,,,,,,,,,,,,,,,,,,,,,,,,,,,,,,,,,,,,,,,,,,,,,,,,,,,,,,,,,,,,,,,,,,,,,,,,,,
Disclosure 403-2,"Hazard identification, risk assessment, and incident investigation",Quality systems specialist,inspects a forward pressure bulkhead join surface,certified to ISO 45001,26% decrease in serious injuries,39% decrease in recordable injuries,31% increase in lost workday cases,71% decrease in ergonomic injuries,reduce or eliminate the risks created when around or performing these processes and prevent life-critical incidents by increasing accountability for following safety policies and procedures,Control sources of hazardous chemical exposure,Operate machines safely,Verify control of hazardous energy or a zero-energy state before work begins,Protect against falls and dropped objects while working at heights,44:1 Near Miss to Hazard,Some operations performed at Boeing are recognized as High Hazard Processes due to their potential for a serious injury or fatality,,,,,,,,,,,,,,,,,,,,,,,,,,,,,,,,,,,,,,,,,,,,,,,,,,,,,,,,,,,,,,,,,,,,,,,,,,,,
Disclosure 403-3,Occupational health services,NA,,,,,,,,,,,,,,,,,,,,,,,,,,,,,,,,,,,,,,,,,,,,,,,,,,,,,,,,,,,,,,,,,,,,,,,,,,,,,,,,,,,,,,,,,
Disclosure 403-4,"Worker participation, consultation, and communication on occupational health and safety",NA,,,,,,,,,,,,,,,,,,,,,,,,,,,,,,,,,,,,,,,,,,,,,,,,,,,,,,,,,,,,,,,,,,,,,,,,,,,,,,,,,,,,,,,,,
Disclosure 403-5,Worker training on occupational health and safety,Health and Safety Training Courses,"1,096 Health and Safety Training Courses Available",,,,,,,,,,,,,,,,,,,,,,,,,,,,,,,,,,,,,,,,,,,,,,,,,,,,,,,,,,,,,,,,,,,,,,,,,,,,,,,,,,,,,,,,
Disclosure 403-6,Promotion of worker health,Finding balance,Sleep and emotional well-being,Family nutrition,Staying emotionally happy and healthy,How to find a therapist,Fertility wellness,Managing trauma and intense emotions,Women’s health through life stages,Health and well-being for Black employees,"Latinx health: Focused on the physical and mental health disparities, as well as disease risk factors, chronic diseases, preventive care and health care access resources in the Latinx community",LGBTQIA+ inclusion in health care,provide educational resources to empower employees to make informed decisions about their physical and emotional well-being and understand the many benefits and resources that are available to them,necessary IT equipment to work safely from home,"EAP offered local employees and their families help with locating emergency resources and information. In March, Boeing extended EAP services to European-based subsidiaries and contract workers to help them cope with the crisis",counselors were available to support employees and provide information about the EAP,"The EAP prepared resources to support multiple natural disasters occurring in the U.S., including employees affected by Hurricane Ian in September","To relieve stress and promote emotional well-being, the EAP conducted 597 Mindfulness Meditation sessions with more than 3,100 participants",EAP coordinated with the Boeing Veteran Engagement Team (BVET) employee resource group to offer suicide prevention webinars to their membership,All employees were encouraged to complete online anxiety and depression screenings to help assess their risks and learn about getting help if they needed it,"The Boeing EAP provides support to employees and eligible family members at no cost. Professional EAP counselors can provide help with navigating life events, stress management, work-life challenges, grief and loss, substance abuse and more",,,,,,,,,,,,,,,,,,,,,,,,,,,,,,,,,,,,,,,,,,,,,,,,,,,,,,,,,,,,,,,,,,,,,,
Disclosure 403-7,Prevention and mitigation of occupational health and safety impacts directly linked by business relationships,NA,,,,,,,,,,,,,,,,,,,,,,,,,,,,,,,,,,,,,,,,,,,,,,,,,,,,,,,,,,,,,,,,,,,,,,,,,,,,,,,,,,,,,,,,,
Disclosure 403-8,Workers covered by an occupational health and safety management system,"Boeing’s workplace safety program, Go for Zero – One Day at a Time, takes a holistic approach to worker safety, striving for a goal of zero injuries",Our occupational health and safety management system is modeled after the International Organization for Standardization (ISO) 45001,Lifesaving Rules go beyond regulatory requirements and are intended to reduce or eliminate the risks created when around or performing these processes and prevent life-critical incidents by increasing accountability for following safety policies and procedures,,,,,,,,,,,,,,,,,,,,,,,,,,,,,,,,,,,,,,,,,,,,,,,,,,,,,,,,,,,,,,,,,,,,,,,,,,,,,,,,,,,,,,,
Disclosure 403-9,Work-related injuries,26% decrease in serious injuries,39% decrease in recordable injuries,,,,,,,,,,,,,,,,,,,,,,,,,,,,,,,,,,,,,,,,,,,,,,,,,,,,,,,,,,,,,,,,,,,,,,,,,,,,,,,,,,,,,,,,
Disclosure 403-10,Work-related ill health,39% decrease in recordable injuries,Fatalities as a result of work-related injuries,,,,,,,,,,,,,,,,,,,,,,,,,,,,,,,,,,,,,,,,,,,,,,,,,,,,,,,,,,,,,,,,,,,,,,,,,,,,,,,,,,,,,,,,
Disclosure 404-1,Average hours of training per year per employee,Average mandatory employee training hours per learner 10.6,Average voluntary employee training hours 25.6,Total mandatory employee training hours,,,,,,,,,,,,,,,,,,,,,,,,,,,,,,,,,,,,,,,,,,,,,,,,,,,,,,,,,,,,,,,,,,,,,,,,,,,,,,,,,,,,,,,
Disclosure 404-2,Programs for upgrading employee skills and transition assistance programs,NA,,,,,,,,,,,,,,,,,,,,,,,,,,,,,,,,,,,,,,,,,,,,,,,,,,,,,,,,,,,,,,,,,,,,,,,,,,,,,,,,,,,,,,,,,
Disclosure 404-3,Percentage of employees receiving regular performance and career development reviews,NA,,,,,,,,,,,,,,,,,,,,,,,,,,,,,,,,,,,,,,,,,,,,,,,,,,,,,,,,,,,,,,,,,,,,,,,,,,,,,,,,,,,,,,,,,
Disclosure 405-1,Diversity of governance bodies and employees,Female: 24.10%,"U.S. employees who are veterans
14.6%",Overall 35.30%,Female: 24.10%,"U.S. employees who are veterans
4 14.6%",Overall 35.30%,Employee Representation,,,,,,,,,,,,,,,,,,,,,,,,,,,,,,,,,,,,,,,,,,,,,,,,,,,,,,,,,,,,,,,,,,,,,,,,,,,,,,,,,,,
Disclosure 405-2,Ratio of basic salary and remuneration of women to men,NA,,,,,,,,,,,,,,,,,,,,,,,,,,,,,,,,,,,,,,,,,,,,,,,,,,,,,,,,,,,,,,,,,,,,,,,,,,,,,,,,,,,,,,,,,
Disclosure 406-1,Incidents of discrimination and corrective actions taken,"7,657 total contacts to Ethics and Business Conduct",sign the Code of Conduct and complete Recommitment training,developed policies and practices designed to enforce our Code of Basic Working Conditions and Human Rights,Inquiries,Conflict of interest determinations,,,,,,,,,,,,,,,,,,,,,,,,,,,,,,,,,,,,,,,,,,,,,,,,,,,,,,,,,,,,,,,,,,,,,,,,,,,,,,,,,,,,,
Disclosure 407-1,Operations and suppliers in which the right to freedom of association and collective bargaining may be at risk,NA,,,,,,,,,,,,,,,,,,,,,,,,,,,,,,,,,,,,,,,,,,,,,,,,,,,,,,,,,,,,,,,,,,,,,,,,,,,,,,,,,,,,,,,,,
Disclosure 408-1,Operations and suppliers at significant risk for incidents of child labor,NA,,,,,,,,,,,,,,,,,,,,,,,,,,,,,,,,,,,,,,,,,,,,,,,,,,,,,,,,,,,,,,,,,,,,,,,,,,,,,,,,,,,,,,,,,
Disclosure 409-1,Operations and suppliers at significant risk for incidents of forced or compulsory labor,NA,,,,,,,,,,,,,,,,,,,,,,,,,,,,,,,,,,,,,,,,,,,,,,,,,,,,,,,,,,,,,,,,,,,,,,,,,,,,,,,,,,,,,,,,,
Disclosure 410-1,Security personnel trained in human rights policies or procedures,NA,,,,,,,,,,,,,,,,,,,,,,,,,,,,,,,,,,,,,,,,,,,,,,,,,,,,,,,,,,,,,,,,,,,,,,,,,,,,,,,,,,,,,,,,,
Disclosure 411-1,Incidents of violations involving rights of indigenous peoples,NA,,,,,,,,,,,,,,,,,,,,,,,,,,,,,,,,,,,,,,,,,,,,,,,,,,,,,,,,,,,,,,,,,,,,,,,,,,,,,,,,,,,,,,,,,
Disclosure 413-1,"Operations with local community engagement, impact assessments, and development programs","advancing racial equity and social justice, and protecting the environment.","Partnered with 13,000+ community partners globally in 2022",improve water quality in their community.,"e STEM programs in robotics, graphics, animation, 3D printing, programming and web development; a STEM entrepreneurship competition; and a new STEM Program for Climate Sustainability, including advocacy efforts like STEM Talks and a sustainability podcast.",Invested approximately $2B in Boeing communities over the last 10 years,$80M in charitable grants in 52 countries in 2022,Invested $50M across 444 grants in support of STEM education and workforce development programs in 2022,Boeing and its employees invested $197M+ to help build better communities worldwide in 2022,"Employees donated $63M+ and 366,000 volunteer hours to charitable causes in 2022",Donated $13.3Macross 116 grants in support of veterans programs in 2022,"measure and install siding on a tiny home in the new VCP Village, where approximately 50 tiny homes and a community center for homeless veterans are currently under construction","investing more than $14,100,000 in 2022 in support of skills development and job training, and recovery and rehabilitation programs",formal local community grievance processes,An organization is expected to consider the differentiated nature of local communities and to take specific action to identify and engage vulnerable groups,,,,,,,,,,,,,,,,,,,,,,,,,,,,,,,,,,,,,,,,,,,,,,,,,,,,,,,,,,,,,,,,,,,,,,,,,,,,
Disclosure 413-2,Operations with significant actual and potential negative impacts on local communities,NA,,,,,,,,,,,,,,,,,,,,,,,,,,,,,,,,,,,,,,,,,,,,,,,,,,,,,,,,,,,,,,,,,,,,,,,,,,,,,,,,,,,,,,,,,
Disclosure 414-1,New suppliers that were screened using social criteria,NA,,,,,,,,,,,,,,,,,,,,,,,,,,,,,,,,,,,,,,,,,,,,,,,,,,,,,,,,,,,,,,,,,,,,,,,,,,,,,,,,,,,,,,,,,
Disclosure 414-2,Negative social impacts in the supply chain and actions taken,NA,,,,,,,,,,,,,,,,,,,,,,,,,,,,,,,,,,,,,,,,,,,,,,,,,,,,,,,,,,,,,,,,,,,,,,,,,,,,,,,,,,,,,,,,,
Disclosure 415-1,Political contributions,NA,,,,,,,,,,,,,,,,,,,,,,,,,,,,,,,,,,,,,,,,,,,,,,,,,,,,,,,,,,,,,,,,,,,,,,,,,,,,,,,,,,,,,,,,,
Disclosure 416-1,Assessment of the health and safety impacts of product and service categories,managing safety risks throughout the product and service life cycle,"right people to make data-driven, risk-based decisions that result in safer products","products, services and operations better for people and the environment",,,,,,,,,,,,,,,,,,,,,,,,,,,,,,,,,,,,,,,,,,,,,,,,,,,,,,,,,,,,,,,,,,,,,,,,,,,,,,,,,,,,,,,
Disclosure 416-2,Incidents of non-compliance concerning the health and safety impacts of products and services,NA,,,,,,,,,,,,,,,,,,,,,,,,,,,,,,,,,,,,,,,,,,,,,,,,,,,,,,,,,,,,,,,,,,,,,,,,,,,,,,,,,,,,,,,,,
Disclosure 417-1,Requirements for product and service information and labeling,Safety Management System,,,,,,,,,,,,,,,,,,,,,,,,,,,,,,,,,,,,,,,,,,,,,,,,,,,,,,,,,,,,,,,,,,,,,,,,,,,,,,,,,,,,,,,,,
Disclosure 417-2,Incidents of non-compliance concerning product and service information and labeling,NA,,,,,,,,,,,,,,,,,,,,,,,,,,,,,,,,,,,,,,,,,,,,,,,,,,,,,,,,,,,,,,,,,,,,,,,,,,,,,,,,,,,,,,,,,
Disclosure 417-3,Incidents of non-compliance concerning marketing communications,NA,,,,,,,,,,,,,,,,,,,,,,,,,,,,,,,,,,,,,,,,,,,,,,,,,,,,,,,,,,,,,,,,,,,,,,,,,,,,,,,,,,,,,,,,,
Disclosure 418-1,Substantiated complaints concerning breaches of customer privacy and losses of customer data,22% drop in employee clicks on phishing simulations from 2021,17% improvement from 2021 in simulated suspicious email reporting,Phishing is the most typical way companies are hacked,,,,,,,,,,,,,,,,,,,,,,,,,,,,,,,,,,,,,,,,,,,,,,,,,,,,,,,,,,,,,,,,,,,,,,,,,,,,,,,,,,,,,,,
